{
  "resourceType": "Observation",
  "id": "example",
  "meta": {
    "profile": [
      "http://somewhere.org/fhir/uv/myig/StructureDefinition/myObservation"
    ]
  },
  "text": {
    "status": "generated",
    "div": "<div xmlns=\"http://www.w3.org/1999/xhtml\"><p><b>Generated Narrative</b></p><div style=\"display: inline-block; background-color: #d9e0e7; padding: 6px; margin: 4px; border: 1px solid #8da1b4; border-radius: 5px; line-height: 60%\"><p style=\"margin-bottom: 0px\">Resource \"example\" </p><p style=\"margin-bottom: 0px\">Profile: <a href=\"StructureDefinition-myObservation.html\">My Observation Profile</a></p></div><p><b>status</b>: final</p><p><b>code</b>: CS1 <span style=\"background: LightGoldenRodYellow; margin: 4px; border: 1px solid khaki\"> (<a href=\"CodeSystem-cs-fake.html\">CodeSystem fake</a>#01; <a href=\"CodeSystem-cs-fake.html\">CodeSystem fake</a>#01 \"CS2\"; <a href=\"CodeSystem-cs-fake.html\">CodeSystem fake</a>#01 \"VS1\"; <a href=\"https://loinc.org/\">LOINC</a>#85354-9; <a href=\"CodeSystem-cs-fake.html\">CodeSystem fake</a>#01 \"VS2\")</span></p><blockquote><p><b>component</b></p><p><b>code</b>: Systolic blood pressure <span style=\"background: LightGoldenRodYellow; margin: 4px; border: 1px solid khaki\"> (<a href=\"https://loinc.org/\">LOINC</a>#8480-6)</span></p><p><b>value</b>: 1 mm[Hg]<span style=\"background: LightGoldenRodYellow\"> (Details: UCUM code mm[Hg] = 'mm[Hg]')</span></p></blockquote><blockquote><p><b>component</b></p><p><b>code</b>: Diastolic blood pressure <span style=\"background: LightGoldenRodYellow; margin: 4px; border: 1px solid khaki\"> (<a href=\"https://loinc.org/\">LOINC</a>#8462-4)</span></p><p><b>value</b>: 1 mm[Hg]<span style=\"background: LightGoldenRodYellow\"> (Details: UCUM code mm[Hg] = 'mm[Hg]')</span></p></blockquote></div>"
  },
  "status": "final",
  "code": {
    "coding": [
      {
        "system": "http://somewhere.org/fhir/uv/myig/CodeSystem/cs-fake",
        "code": "01",
        "display": "CS1"
      },
      {
        "system": "http://somewhere.org/fhir/uv/myig/CodeSystem/cs-fake",
        "code": "01",
        "display": "CS2"
      },
      {
        "system": "http://somewhere.org/fhir/uv/myig/CodeSystem/cs-fake",
        "code": "01",
        "display": "VS1"
      },
      {
        "system": "http://loinc.org",
        "code": "85354-9"
      },
      {
        "system": "http://somewhere.org/fhir/uv/myig/CodeSystem/cs-fake",
        "code": "01",
        "display": "VS2"
      }
    ]
  },
  "component": [
    {
      "code": {
        "coding": [
          {
            "system": "http://loinc.org",
            "code": "8480-6"
          }
        ]
      },
      "valueQuantity": {
        "value": 1,
        "system": "http://unitsofmeasure.org",
        "code": "mm[Hg]"
      }
    },
    {
      "code": {
        "coding": [
          {
            "system": "http://loinc.org",
            "code": "8462-4"
          }
        ]
      },
      "valueQuantity": {
        "value": 1,
        "system": "http://unitsofmeasure.org",
        "code": "mm[Hg]"
      }
    }
  ]
}